<?xml version="1.0" encoding="UTF-8"?>
<project-private xmlns="http://www.netbeans.org/ns/project-private/1">
    <editor-bookmarks xmlns="http://www.netbeans.org/ns/editor-bookmarks/2" lastBookmarkId="0"/>
    <open-files xmlns="http://www.netbeans.org/ns/projectui-open-files/2">
        <group>
            <file>file:/D:/BDUjava/SmartQuiz/src/smartquiz/Exam_pageController.java</file>
            <file>file:/D:/BDUjava/SmartQuiz/src/smartquiz/DemoQuestionSet.java</file>
            <file>file:/D:/BDUjava/SmartQuiz/src/smartquiz/SmartQuiz.java</file>
        </group>
    </open-files>
</project-private>
